trial,testing,parameters,initial_deadline,final_deadline,net_reward,actions,success
1,False,"{'a': 0.99, 'e': 0.99}",20,0,-99.1191736363101,"{0: 8, 1: 5, 2: 6, 3: 1, 4: 0}",0
2,False,"{'a': 0.99, 'e': 0.9801}",20,4,-54.265024327474634,"{0: 11, 1: 1, 2: 3, 3: 0, 4: 1}",1
3,False,"{'a': 0.99, 'e': 0.970299}",25,0,-135.8766349251408,"{0: 15, 1: 4, 2: 3, 3: 1, 4: 2}",0
4,False,"{'a': 0.99, 'e': 0.96059601}",25,0,-256.19676533814993,"{0: 12, 1: 4, 2: 3, 3: 1, 4: 5}",0
5,False,"{'a': 0.99, 'e': 0.9509900498999999}",25,0,-100.038323418955,"{0: 14, 1: 6, 2: 4, 3: 0, 4: 1}",0
6,False,"{'a': 0.99, 'e': 0.941480149401}",20,0,-8.108585626369265,"{0: 16, 1: 3, 2: 1, 3: 0, 4: 0}",0
7,False,"{'a': 0.99, 'e': 0.9320653479069899}",25,0,-62.41949188942928,"{0: 15, 1: 4, 2: 6, 3: 0, 4: 0}",0
8,False,"{'a': 0.99, 'e': 0.9227446944279201}",25,0,-127.3499878304316,"{0: 15, 1: 3, 2: 5, 3: 0, 4: 2}",0
9,False,"{'a': 0.99, 'e': 0.9135172474836408}",25,0,-145.2037864478501,"{0: 13, 1: 4, 2: 6, 3: 0, 4: 2}",0
10,False,"{'a': 0.99, 'e': 0.9043820750088044}",25,0,-150.59922210364184,"{0: 14, 1: 3, 2: 5, 3: 1, 4: 2}",0
11,False,"{'a': 0.99, 'e': 0.8953382542587164}",25,0,-75.59898866388593,"{0: 16, 1: 4, 2: 4, 3: 0, 4: 1}",0
12,False,"{'a': 0.99, 'e': 0.8863848717161292}",25,0,-164.11114014281384,"{0: 13, 1: 0, 2: 10, 3: 0, 4: 2}",0
13,False,"{'a': 0.99, 'e': 0.8775210229989678}",20,0,-145.60069170935066,"{0: 11, 1: 2, 2: 3, 3: 2, 4: 2}",0
14,False,"{'a': 0.99, 'e': 0.8687458127689782}",20,0,-151.55925606940013,"{0: 9, 1: 3, 2: 5, 3: 1, 4: 2}",0
15,False,"{'a': 0.99, 'e': 0.8600583546412884}",20,0,-96.5607855434262,"{0: 11, 1: 3, 2: 5, 3: 0, 4: 1}",0
16,False,"{'a': 0.99, 'e': 0.8514577710948755}",25,0,-82.1379687433971,"{0: 16, 1: 4, 2: 4, 3: 0, 4: 1}",0
17,False,"{'a': 0.99, 'e': 0.8429431933839268}",35,0,-38.72593090434236,"{0: 29, 1: 2, 2: 2, 3: 2, 4: 0}",0
18,False,"{'a': 0.99, 'e': 0.8345137614500875}",20,0,-156.1600117792296,"{0: 13, 1: 1, 2: 2, 3: 1, 4: 3}",0
19,False,"{'a': 0.99, 'e': 0.8261686238355866}",25,14,0.539855590371646,"{0: 9, 1: 1, 2: 1, 3: 0, 4: 0}",1
20,False,"{'a': 0.99, 'e': 0.8179069375972308}",20,0,-88.69948777159325,"{0: 12, 1: 2, 2: 4, 3: 1, 4: 1}",0
21,False,"{'a': 0.99, 'e': 0.8097278682212584}",30,0,-147.42852402409503,"{0: 19, 1: 4, 2: 3, 3: 2, 4: 2}",0
22,False,"{'a': 0.99, 'e': 0.8016305895390459}",30,0,-156.43693669400335,"{0: 17, 1: 5, 2: 3, 3: 4, 4: 1}",0
23,False,"{'a': 0.99, 'e': 0.7936142836436554}",20,1,-123.8744492708844,"{0: 10, 1: 3, 2: 4, 3: 0, 4: 2}",1
24,False,"{'a': 0.99, 'e': 0.7856781408072188}",20,0,-65.98217045460687,"{0: 14, 1: 2, 2: 3, 3: 0, 4: 1}",0
25,False,"{'a': 0.99, 'e': 0.7778213593991467}",25,15,-33.724311568134546,"{0: 8, 1: 0, 2: 1, 3: 0, 4: 1}",1
26,False,"{'a': 0.99, 'e': 0.7700431458051551}",25,0,-127.32625403620732,"{0: 14, 1: 4, 2: 4, 3: 2, 4: 1}",0
27,False,"{'a': 0.99, 'e': 0.7623427143471035}",30,9,-39.26267124376729,"{0: 15, 1: 2, 2: 3, 3: 1, 4: 0}",1
28,False,"{'a': 0.99, 'e': 0.7547192872036326}",20,0,-158.86378580774573,"{0: 11, 1: 2, 2: 4, 3: 0, 4: 3}",0
29,False,"{'a': 0.99, 'e': 0.7471720943315961}",35,0,-175.64409442480004,"{0: 22, 1: 3, 2: 6, 3: 2, 4: 2}",0
30,False,"{'a': 0.99, 'e': 0.7397003733882802}",20,0,-166.90436357444352,"{0: 10, 1: 2, 2: 5, 3: 0, 4: 3}",0
31,False,"{'a': 0.99, 'e': 0.7323033696543975}",20,0,-158.28445550877814,"{0: 11, 1: 0, 2: 5, 3: 2, 4: 2}",0
32,False,"{'a': 0.99, 'e': 0.7249803359578534}",25,0,-91.2078692549233,"{0: 17, 1: 3, 2: 2, 3: 2, 4: 1}",0
33,False,"{'a': 0.99, 'e': 0.7177305325982749}",30,0,-194.032174519452,"{0: 18, 1: 2, 2: 4, 3: 4, 4: 2}",0
34,False,"{'a': 0.99, 'e': 0.7105532272722921}",25,7,-19.35431176471282,"{0: 13, 1: 2, 2: 3, 3: 0, 4: 0}",1
35,False,"{'a': 0.99, 'e': 0.7034476949995692}",20,0,-82.47974385216743,"{0: 14, 1: 1, 2: 3, 3: 1, 4: 1}",0
36,False,"{'a': 0.99, 'e': 0.6964132180495735}",25,0,-113.15160129194525,"{0: 15, 1: 2, 2: 6, 3: 1, 4: 1}",0
37,False,"{'a': 0.99, 'e': 0.6894490858690777}",25,5,-18.20872425979887,"{0: 14, 1: 4, 2: 2, 3: 0, 4: 0}",1
38,False,"{'a': 0.99, 'e': 0.682554595010387}",20,0,-133.7668436718389,"{0: 9, 1: 2, 2: 7, 3: 1, 4: 1}",0
39,False,"{'a': 0.99, 'e': 0.6757290490602831}",25,0,-71.56593646772383,"{0: 17, 1: 4, 2: 3, 3: 0, 4: 1}",0
40,False,"{'a': 0.99, 'e': 0.6689717585696803}",30,0,-65.14835279834891,"{0: 24, 1: 1, 2: 3, 3: 1, 4: 1}",0
41,False,"{'a': 0.99, 'e': 0.6622820409839835}",20,0,-67.65969104226909,"{0: 14, 1: 1, 2: 4, 3: 0, 4: 1}",0
42,False,"{'a': 0.99, 'e': 0.6556592205741436}",25,12,-9.313268408278898,"{0: 9, 1: 3, 2: 1, 3: 0, 4: 0}",1
43,False,"{'a': 0.99, 'e': 0.6491026283684022}",20,0,-45.63224277346525,"{0: 15, 1: 3, 2: 1, 3: 0, 4: 1}",0
44,False,"{'a': 0.99, 'e': 0.6426116020847181}",30,0,-100.25779020278229,"{0: 18, 1: 6, 2: 5, 3: 0, 4: 1}",0
45,False,"{'a': 0.99, 'e': 0.6361854860638709}",20,0,-26.048840097265824,"{0: 16, 1: 1, 2: 2, 3: 1, 4: 0}",0
46,False,"{'a': 0.99, 'e': 0.6298236312032323}",20,0,-65.58191409916863,"{0: 14, 1: 2, 2: 3, 3: 0, 4: 1}",0
47,False,"{'a': 0.99, 'e': 0.6235253948912}",20,0,-90.65274292734485,"{0: 11, 1: 0, 2: 8, 3: 1, 4: 0}",0
48,False,"{'a': 0.99, 'e': 0.617290140942288}",20,0,-110.79393882830165,"{0: 14, 1: 1, 2: 2, 3: 1, 4: 2}",0
49,False,"{'a': 0.99, 'e': 0.611117239532865}",20,0,-101.34078808673483,"{0: 14, 1: 1, 2: 1, 3: 3, 4: 1}",0
50,False,"{'a': 0.99, 'e': 0.6050060671375364}",20,0,-133.3571138814286,"{0: 12, 1: 1, 2: 4, 3: 1, 4: 2}",0
51,False,"{'a': 0.99, 'e': 0.598956006466161}",25,0,-73.29213574423207,"{0: 19, 1: 0, 2: 4, 3: 1, 4: 1}",0
52,False,"{'a': 0.99, 'e': 0.5929664464014994}",20,0,-39.76229886066495,"{0: 17, 1: 0, 2: 2, 3: 0, 4: 1}",0
53,False,"{'a': 0.99, 'e': 0.5870367819374844}",20,11,-44.622428620328286,"{0: 6, 1: 1, 2: 1, 3: 0, 4: 1}",1
54,False,"{'a': 0.99, 'e': 0.5811664141181095}",30,9,-26.637406897770855,"{0: 18, 1: 2, 2: 0, 3: 0, 4: 1}",1
55,False,"{'a': 0.99, 'e': 0.5753547499769285}",25,15,-8.811435885257977,"{0: 7, 1: 2, 2: 1, 3: 0, 4: 0}",1
56,False,"{'a': 0.99, 'e': 0.5696012024771592}",35,18,-67.82040273235266,"{0: 13, 1: 2, 2: 0, 3: 0, 4: 2}",1
57,False,"{'a': 0.99, 'e': 0.5639051904523875}",20,14,8.719125050401527,"{0: 6, 1: 0, 2: 0, 3: 0, 4: 0}",1
58,False,"{'a': 0.99, 'e': 0.5582661385478637}",25,7,-99.67054958880425,"{0: 12, 1: 0, 2: 4, 3: 0, 4: 2}",1
59,False,"{'a': 0.99, 'e': 0.5526834771623851}",20,3,-33.40978601023535,"{0: 14, 1: 1, 2: 1, 3: 0, 4: 1}",1
60,False,"{'a': 0.99, 'e': 0.5471566423907612}",20,0,-39.74071335267153,"{0: 15, 1: 1, 2: 3, 3: 1, 4: 0}",0
61,False,"{'a': 0.99, 'e': 0.5416850759668536}",30,18,-8.115078465998891,"{0: 10, 1: 1, 2: 0, 3: 1, 4: 0}",1
62,False,"{'a': 0.99, 'e': 0.536268225207185}",25,8,-37.497689356926564,"{0: 11, 1: 1, 2: 5, 3: 0, 4: 0}",1
63,False,"{'a': 0.99, 'e': 0.5309055429551132}",25,11,-0.8199684848972693,"{0: 12, 1: 0, 2: 2, 3: 0, 4: 0}",1
64,False,"{'a': 0.99, 'e': 0.525596487525562}",30,5,-191.84747603910614,"{0: 16, 1: 1, 2: 3, 3: 1, 4: 4}",1
65,False,"{'a': 0.99, 'e': 0.5203405226503064}",20,0,-6.223740610708659,"{0: 17, 1: 0, 2: 3, 3: 0, 4: 0}",0
66,False,"{'a': 0.99, 'e': 0.5151371174238033}",25,0,-87.29978274698031,"{0: 19, 1: 1, 2: 3, 3: 0, 4: 2}",0
67,False,"{'a': 0.99, 'e': 0.5099857462495653}",25,0,-51.19124727488318,"{0: 20, 1: 2, 2: 1, 3: 1, 4: 1}",0
68,False,"{'a': 0.99, 'e': 0.5048858887870696}",20,11,-41.588895430082076,"{0: 6, 1: 2, 2: 0, 3: 0, 4: 1}",1
69,False,"{'a': 0.99, 'e': 0.4998370298991989}",20,3,-50.086835890743274,"{0: 14, 1: 0, 2: 1, 3: 1, 4: 1}",1
70,False,"{'a': 0.99, 'e': 0.49483865960020695}",20,0,-110.9045315433261,"{0: 12, 1: 2, 2: 3, 3: 2, 4: 1}",0
71,False,"{'a': 0.99, 'e': 0.4898902730042049}",25,0,-50.12445902610492,"{0: 20, 1: 1, 2: 3, 3: 0, 4: 1}",0
72,False,"{'a': 0.99, 'e': 0.48499137027416284}",20,10,-28.579075615671265,"{0: 6, 1: 2, 2: 1, 3: 1, 4: 0}",1
73,False,"{'a': 0.99, 'e': 0.4801414565714212}",20,0,-37.99543589528516,"{0: 14, 1: 2, 2: 4, 3: 0, 4: 0}",0
74,False,"{'a': 0.99, 'e': 0.47534004200570695}",20,14,-16.965157060900076,"{0: 4, 1: 1, 2: 0, 3: 1, 4: 0}",1
75,False,"{'a': 0.99, 'e': 0.4705866415856499}",25,18,-8.16863200491873,"{0: 6, 1: 0, 2: 0, 3: 1, 4: 0}",1
76,False,"{'a': 0.99, 'e': 0.46588077516979337}",25,0,-85.45649559140075,"{0: 18, 1: 2, 2: 2, 3: 2, 4: 1}",0
77,False,"{'a': 0.99, 'e': 0.46122196741809546}",20,0,-62.41424852557833,"{0: 17, 1: 1, 2: 0, 3: 0, 4: 2}",0
78,False,"{'a': 0.99, 'e': 0.4566097477439145}",25,0,-44.31919796566351,"{0: 21, 1: 2, 2: 0, 3: 1, 4: 1}",0
79,False,"{'a': 0.99, 'e': 0.45204365026647536}",30,0,-50.862070997367105,"{0: 23, 1: 2, 2: 3, 3: 2, 4: 0}",0
80,False,"{'a': 0.99, 'e': 0.4475232137638106}",20,0,-69.17683955001147,"{0: 14, 1: 0, 2: 5, 3: 0, 4: 1}",0
81,False,"{'a': 0.99, 'e': 0.4430479816261725}",25,11,-25.676252077726417,"{0: 12, 1: 0, 2: 1, 3: 0, 4: 1}",1
82,False,"{'a': 0.99, 'e': 0.43861750180991077}",25,11,-68.45516609533492,"{0: 9, 1: 0, 2: 4, 3: 0, 4: 1}",1
83,False,"{'a': 0.99, 'e': 0.43423132679181164}",20,9,-69.95408900669686,"{0: 6, 1: 1, 2: 2, 3: 1, 4: 1}",1
84,False,"{'a': 0.99, 'e': 0.4298890135238935}",25,9,6.215464032803197,"{0: 14, 1: 0, 2: 2, 3: 0, 4: 0}",1
85,False,"{'a': 0.99, 'e': 0.4255901233886546}",20,3,-20.527663043978016,"{0: 14, 1: 0, 2: 2, 3: 1, 4: 0}",1
86,False,"{'a': 0.99, 'e': 0.421334222154768}",20,14,-29.643234941997118,"{0: 5, 1: 0, 2: 0, 3: 0, 4: 1}",1
87,False,"{'a': 0.99, 'e': 0.41712087993322033}",25,0,7.156878895639273,"{0: 22, 1: 1, 2: 2, 3: 0, 4: 0}",0
88,False,"{'a': 0.99, 'e': 0.41294967113388814}",25,0,-131.99990550377225,"{0: 19, 1: 0, 2: 3, 3: 0, 4: 3}",0
89,False,"{'a': 0.99, 'e': 0.40882017442254925}",20,0,-18.656889643882888,"{0: 16, 1: 1, 2: 3, 3: 0, 4: 0}",0
90,False,"{'a': 0.99, 'e': 0.4047319726783238}",20,2,-60.56192627472731,"{0: 13, 1: 0, 2: 4, 3: 0, 4: 1}",1
91,False,"{'a': 0.99, 'e': 0.40068465295154054}",20,0,-3.4531998366348757,"{0: 17, 1: 2, 2: 1, 3: 0, 4: 0}",0
92,False,"{'a': 0.99, 'e': 0.3966778064220251}",35,0,-157.20653737315706,"{0: 27, 1: 1, 2: 3, 3: 0, 4: 4}",1
93,False,"{'a': 0.99, 'e': 0.39271102835780486}",25,0,-60.675915532961454,"{0: 19, 1: 1, 2: 4, 3: 0, 4: 1}",0
94,False,"{'a': 0.99, 'e': 0.3887839180742268}",20,0,-22.20518612328654,"{0: 19, 1: 0, 2: 0, 3: 0, 4: 1}",0
95,False,"{'a': 0.99, 'e': 0.38489607889348454}",25,9,-5.831997006894799,"{0: 13, 1: 1, 2: 2, 3: 0, 4: 0}",1
96,False,"{'a': 0.99, 'e': 0.38104711810454966}",20,7,11.326274647965727,"{0: 12, 1: 1, 2: 0, 3: 0, 4: 0}",1
97,False,"{'a': 0.99, 'e': 0.37723664692350417}",35,20,5.829229192301124,"{0: 13, 1: 0, 2: 2, 3: 0, 4: 0}",1
98,False,"{'a': 0.99, 'e': 0.37346428045426916}",20,1,-15.407229330087615,"{0: 16, 1: 1, 2: 1, 3: 1, 4: 0}",1
99,False,"{'a': 0.99, 'e': 0.36972963764972644}",25,9,18.29991883378224,"{0: 15, 1: 0, 2: 1, 3: 0, 4: 0}",1
100,False,"{'a': 0.99, 'e': 0.3660323412732292}",20,0,-57.29276703278672,"{0: 15, 1: 2, 2: 1, 3: 1, 4: 1}",0
101,False,"{'a': 0.99, 'e': 0.3623720178604969}",20,6,-43.63967614785041,"{0: 9, 1: 3, 2: 1, 3: 0, 4: 1}",1
102,False,"{'a': 0.99, 'e': 0.3587482976818919}",20,0,-6.674958167626824,"{0: 17, 1: 0, 2: 3, 3: 0, 4: 0}",1
103,False,"{'a': 0.99, 'e': 0.355160814705073}",20,8,16.290418577543182,"{0: 12, 1: 0, 2: 0, 3: 0, 4: 0}",1
104,False,"{'a': 0.99, 'e': 0.35160920655802225}",20,15,-34.58396297752104,"{0: 4, 1: 0, 2: 0, 3: 0, 4: 1}",1
105,False,"{'a': 0.99, 'e': 0.348093114492442}",20,6,9.067645782727546,"{0: 13, 1: 0, 2: 1, 3: 0, 4: 0}",1
106,False,"{'a': 0.99, 'e': 0.3446121833475176}",30,0,-10.606866619178966,"{0: 26, 1: 1, 2: 2, 3: 1, 4: 0}",0
107,False,"{'a': 0.99, 'e': 0.34116606151404244}",20,0,-74.71345443481181,"{0: 14, 1: 1, 2: 3, 3: 1, 4: 1}",0
108,False,"{'a': 0.99, 'e': 0.337754400898902}",20,0,-25.914256739324543,"{0: 16, 1: 0, 2: 3, 3: 1, 4: 0}",0
109,False,"{'a': 0.99, 'e': 0.334376856889913}",35,1,-4.886003129560976,"{0: 29, 1: 1, 2: 4, 3: 0, 4: 0}",1
110,False,"{'a': 0.99, 'e': 0.33103308832101386}",20,5,2.9038963370849338,"{0: 13, 1: 0, 2: 2, 3: 0, 4: 0}",1
111,False,"{'a': 0.99, 'e': 0.3277227574378037}",20,0,-60.37562385963533,"{0: 15, 1: 1, 2: 3, 3: 0, 4: 1}",0
112,False,"{'a': 0.99, 'e': 0.3244455298634257}",20,0,-59.61401438481315,"{0: 14, 1: 2, 2: 3, 3: 0, 4: 1}",0
113,False,"{'a': 0.99, 'e': 0.3212010745647914}",25,16,-59.20216440853065,"{0: 6, 1: 0, 2: 1, 3: 1, 4: 1}",1
114,False,"{'a': 0.99, 'e': 0.3179890638191435}",20,0,-25.035919834791425,"{0: 18, 1: 0, 2: 1, 3: 0, 4: 1}",0
115,False,"{'a': 0.99, 'e': 0.31480917318095203}",25,10,16.97747419604328,"{0: 14, 1: 1, 2: 0, 3: 0, 4: 0}",1
116,False,"{'a': 0.99, 'e': 0.3116610814491425}",20,3,-61.64744849753696,"{0: 15, 1: 0, 2: 0, 3: 0, 4: 2}",1
117,False,"{'a': 0.99, 'e': 0.30854447063465107}",30,11,15.979871834486769,"{0: 18, 1: 0, 2: 1, 3: 0, 4: 0}",1
118,False,"{'a': 0.99, 'e': 0.3054590259283046}",30,0,-163.28657758067484,"{0: 22, 1: 1, 2: 3, 3: 0, 4: 4}",0
119,False,"{'a': 0.99, 'e': 0.30240443566902153}",20,0,-49.84443171099542,"{0: 16, 1: 0, 2: 3, 3: 0, 4: 1}",0
120,False,"{'a': 0.99, 'e': 0.2993803913123313}",25,6,-23.640838649231487,"{0: 17, 1: 0, 2: 1, 3: 0, 4: 1}",1
121,False,"{'a': 0.99, 'e': 0.296386587399208}",30,11,18.098786566789606,"{0: 18, 1: 0, 2: 1, 3: 0, 4: 0}",1
122,False,"{'a': 0.99, 'e': 0.2934227215252159}",25,4,18.36633586656217,"{0: 20, 1: 0, 2: 1, 3: 0, 4: 0}",1
123,False,"{'a': 0.99, 'e': 0.29048849430996376}",25,10,-45.25291675068184,"{0: 9, 1: 2, 2: 3, 3: 1, 4: 0}",1
124,False,"{'a': 0.99, 'e': 0.2875836093668641}",25,2,9.48785381597821,"{0: 21, 1: 0, 2: 2, 3: 0, 4: 0}",1
125,False,"{'a': 0.99, 'e': 0.28470777327319546}",20,3,3.6002963521202034,"{0: 15, 1: 1, 2: 1, 3: 0, 4: 0}",1
126,False,"{'a': 0.99, 'e': 0.2818606955404635}",25,17,15.309193635785563,"{0: 8, 1: 0, 2: 0, 3: 0, 4: 0}",1
127,False,"{'a': 0.99, 'e': 0.27904208858505886}",25,1,-66.953234765533,"{0: 20, 1: 0, 2: 2, 3: 0, 4: 2}",1
128,False,"{'a': 0.99, 'e': 0.2762516676992083}",20,0,-15.60155108768665,"{0: 16, 1: 1, 2: 3, 3: 0, 4: 0}",0
129,False,"{'a': 0.99, 'e': 0.2734891510222162}",20,11,-5.5260659316480165,"{0: 8, 1: 0, 2: 0, 3: 1, 4: 0}",1
130,False,"{'a': 0.99, 'e': 0.27075425951199406}",25,5,5.909875004334669,"{0: 18, 1: 1, 2: 0, 3: 1, 4: 0}",1
131,False,"{'a': 0.99, 'e': 0.2680467169168741}",25,0,-68.59370944153602,"{0: 21, 1: 1, 2: 1, 3: 0, 4: 2}",0
132,False,"{'a': 0.99, 'e': 0.26536624974770534}",30,16,-2.503378152017002,"{0: 12, 1: 0, 2: 2, 3: 0, 4: 0}",1
133,False,"{'a': 0.99, 'e': 0.2627125872502283}",25,0,-28.329621000989796,"{0: 20, 1: 0, 2: 4, 3: 1, 4: 0}",0
134,False,"{'a': 0.99, 'e': 0.26008546137772603}",30,0,-26.435130314759334,"{0: 25, 1: 0, 2: 4, 3: 1, 4: 0}",0
135,False,"{'a': 0.99, 'e': 0.25748460676394874}",35,23,5.160618562741641,"{0: 10, 1: 2, 2: 0, 3: 0, 4: 0}",1
136,False,"{'a': 0.99, 'e': 0.2549097606963093}",20,0,0.38804233417661393,"{0: 17, 1: 0, 2: 3, 3: 0, 4: 0}",0
137,False,"{'a': 0.99, 'e': 0.2523606630893462}",20,10,18.11014624067823,"{0: 10, 1: 0, 2: 0, 3: 0, 4: 0}",1
138,False,"{'a': 0.99, 'e': 0.2498370564584527}",25,0,-23.642305102413854,"{0: 21, 1: 0, 2: 3, 3: 1, 4: 0}",0
139,False,"{'a': 0.99, 'e': 0.24733868589386818}",30,0,31.623851270836532,"{0: 29, 1: 1, 2: 0, 3: 0, 4: 0}",0
140,False,"{'a': 0.99, 'e': 0.24486529903492948}",25,6,-3.8974087281601273,"{0: 16, 1: 0, 2: 3, 3: 0, 4: 0}",1
141,False,"{'a': 0.99, 'e': 0.2424166460445802}",20,6,9.632792094729894,"{0: 12, 1: 2, 2: 0, 3: 0, 4: 0}",1
142,False,"{'a': 0.99, 'e': 0.2399924795841344}",20,0,-88.77990034458385,"{0: 16, 1: 0, 2: 1, 3: 1, 4: 2}",1
143,False,"{'a': 0.99, 'e': 0.23759255478829303}",20,10,-3.6652168621591867,"{0: 9, 1: 0, 2: 0, 3: 1, 4: 0}",1
144,False,"{'a': 0.99, 'e': 0.23521662924041012}",35,13,-78.43853305386078,"{0: 17, 1: 1, 2: 2, 3: 0, 4: 2}",1
145,False,"{'a': 0.99, 'e': 0.232864462948006}",30,19,21.260253137694235,"{0: 11, 1: 0, 2: 0, 3: 0, 4: 0}",1
146,False,"{'a': 0.99, 'e': 0.23053581831852593}",25,14,12.119333079954652,"{0: 10, 1: 1, 2: 0, 3: 0, 4: 0}",1
147,False,"{'a': 0.99, 'e': 0.22823046013534068}",20,0,28.088948657040145,"{0: 20, 1: 0, 2: 0, 3: 0, 4: 0}",0
148,False,"{'a': 0.99, 'e': 0.22594815553398728}",30,14,-60.54698447511558,"{0: 13, 1: 0, 2: 0, 3: 2, 4: 1}",1
149,False,"{'a': 0.99, 'e': 0.2236886739786474}",25,20,10.830272658253644,"{0: 5, 1: 0, 2: 0, 3: 0, 4: 0}",1
150,False,"{'a': 0.99, 'e': 0.22145178723886091}",20,12,-20.733119407614158,"{0: 6, 1: 0, 2: 1, 3: 1, 4: 0}",1
151,False,"{'a': 0.99, 'e': 0.2192372693664723}",20,6,-28.909278367868133,"{0: 12, 1: 1, 2: 0, 3: 0, 4: 1}",1
152,False,"{'a': 0.99, 'e': 0.21704489667280757}",20,0,24.21428275774745,"{0: 20, 1: 0, 2: 0, 3: 0, 4: 0}",0
153,False,"{'a': 0.99, 'e': 0.2148744477060795}",25,9,25.74635642835883,"{0: 16, 1: 0, 2: 0, 3: 0, 4: 0}",1
154,False,"{'a': 0.99, 'e': 0.2127257032290187}",30,13,-15.90108416532638,"{0: 16, 1: 0, 2: 0, 3: 0, 4: 1}",1
155,False,"{'a': 0.99, 'e': 0.21059844619672852}",20,12,12.57151844223278,"{0: 8, 1: 0, 2: 0, 3: 0, 4: 0}",1
156,False,"{'a': 0.99, 'e': 0.20849246173476124}",20,5,10.664690944960507,"{0: 13, 1: 2, 2: 0, 3: 0, 4: 0}",1
157,False,"{'a': 0.99, 'e': 0.2064075371174136}",20,0,-22.421981915933323,"{0: 17, 1: 0, 2: 2, 3: 1, 4: 0}",0
158,False,"{'a': 0.99, 'e': 0.2043434617462395}",20,16,7.413028548999436,"{0: 4, 1: 0, 2: 0, 3: 0, 4: 0}",1
159,False,"{'a': 0.99, 'e': 0.2023000271287771}",20,6,7.349241739127473,"{0: 13, 1: 0, 2: 1, 3: 0, 4: 0}",1
160,False,"{'a': 0.99, 'e': 0.2002770268574893}",25,13,6.886995739243396,"{0: 10, 1: 1, 2: 1, 3: 0, 4: 0}",1
161,False,"{'a': 0.99, 'e': 0.19827425658891443}",20,0,-55.44659914052989,"{0: 18, 1: 0, 2: 0, 3: 0, 4: 2}",0
162,False,"{'a': 0.99, 'e': 0.19629151402302528}",20,0,18.273992080579266,"{0: 19, 1: 0, 2: 1, 3: 0, 4: 0}",0
163,False,"{'a': 0.99, 'e': 0.19432859888279502}",30,10,21.036835578915685,"{0: 18, 1: 2, 2: 0, 3: 0, 4: 0}",1
164,False,"{'a': 0.99, 'e': 0.19238531289396707}",20,0,-34.853213166928334,"{0: 17, 1: 1, 2: 1, 3: 0, 4: 1}",0
165,False,"{'a': 0.99, 'e': 0.1904614597650274}",25,0,13.487864917361131,"{0: 23, 1: 0, 2: 2, 3: 0, 4: 0}",0
166,False,"{'a': 0.99, 'e': 0.1885568451673771}",20,5,-38.578562933946266,"{0: 12, 1: 0, 2: 2, 3: 0, 4: 1}",1
167,False,"{'a': 0.99, 'e': 0.18667127671570335}",20,0,-57.49280249541518,"{0: 16, 1: 1, 2: 1, 3: 1, 4: 1}",0
168,False,"{'a': 0.99, 'e': 0.1848045639485463}",25,0,2.595575893376669,"{0: 22, 1: 1, 2: 2, 3: 0, 4: 0}",0
169,False,"{'a': 0.99, 'e': 0.18295651830906084}",20,12,-25.626893252663013,"{0: 7, 1: 0, 2: 0, 3: 0, 4: 1}",1
170,False,"{'a': 0.99, 'e': 0.18112695312597024}",25,20,8.744372493052865,"{0: 5, 1: 0, 2: 0, 3: 0, 4: 0}",1
171,False,"{'a': 0.99, 'e': 0.17931568359471053}",25,13,10.764686343436402,"{0: 11, 1: 0, 2: 1, 3: 0, 4: 0}",1
172,False,"{'a': 0.99, 'e': 0.17752252675876343}",20,0,9.171693443054885,"{0: 19, 1: 0, 2: 1, 3: 0, 4: 0}",0
173,False,"{'a': 0.99, 'e': 0.1757473014911758}",20,3,1.531268837873329,"{0: 15, 1: 0, 2: 2, 3: 0, 4: 0}",1
174,False,"{'a': 0.99, 'e': 0.173989828476264}",25,13,7.5114405855645,"{0: 10, 1: 2, 2: 0, 3: 0, 4: 0}",1
175,False,"{'a': 0.99, 'e': 0.1722499301915014}",30,13,-23.960268722624914,"{0: 15, 1: 0, 2: 1, 3: 0, 4: 1}",1
176,False,"{'a': 0.99, 'e': 0.17052743088958636}",35,13,15.626530474679406,"{0: 21, 1: 0, 2: 0, 3: 1, 4: 0}",1
177,False,"{'a': 0.99, 'e': 0.1688221565806905}",30,15,4.84494445608302,"{0: 14, 1: 0, 2: 0, 3: 1, 4: 0}",1
178,False,"{'a': 0.99, 'e': 0.1671339350148836}",20,11,2.1230756063294107,"{0: 8, 1: 0, 2: 1, 3: 0, 4: 0}",1
179,False,"{'a': 0.99, 'e': 0.16546259566473476}",20,0,13.06559096997741,"{0: 19, 1: 0, 2: 1, 3: 0, 4: 0}",0
180,False,"{'a': 0.99, 'e': 0.16380796970808742}",30,14,27.388111282221157,"{0: 16, 1: 0, 2: 0, 3: 0, 4: 0}",1
181,False,"{'a': 0.99, 'e': 0.16216989001100654}",20,0,-30.79690344853994,"{0: 17, 1: 0, 2: 2, 3: 0, 4: 1}",0
182,False,"{'a': 0.99, 'e': 0.16054819111089647}",25,8,-24.08358350366498,"{0: 14, 1: 0, 2: 1, 3: 2, 4: 0}",1
183,False,"{'a': 0.99, 'e': 0.1589427091997875}",30,17,2.55015267454109,"{0: 11, 1: 1, 2: 1, 3: 0, 4: 0}",1
184,False,"{'a': 0.99, 'e': 0.15735328210778962}",25,11,25.503977718821467,"{0: 14, 1: 0, 2: 0, 3: 0, 4: 0}",1
185,False,"{'a': 0.99, 'e': 0.15577974928671173}",25,2,23.440228081379075,"{0: 22, 1: 0, 2: 1, 3: 0, 4: 0}",1
186,False,"{'a': 0.99, 'e': 0.1542219517938446}",20,2,13.923634641358534,"{0: 16, 1: 1, 2: 1, 3: 0, 4: 0}",1
187,False,"{'a': 0.99, 'e': 0.15267973227590617}",25,10,-21.522886699074405,"{0: 12, 1: 1, 2: 0, 3: 2, 4: 0}",1
188,False,"{'a': 0.99, 'e': 0.1511529349531471}",25,4,-6.250409658378736,"{0: 20, 1: 0, 2: 0, 3: 0, 4: 1}",1
189,False,"{'a': 0.99, 'e': 0.14964140560361563}",20,13,12.480412156127331,"{0: 7, 1: 0, 2: 0, 3: 0, 4: 0}",1
190,False,"{'a': 0.99, 'e': 0.14814499154757946}",20,13,14.207378148895634,"{0: 7, 1: 0, 2: 0, 3: 0, 4: 0}",1
191,False,"{'a': 0.99, 'e': 0.14666354163210368}",25,0,0.6542467403674548,"{0: 22, 1: 0, 2: 3, 3: 0, 4: 0}",0
192,False,"{'a': 0.99, 'e': 0.14519690621578263}",25,11,-114.64967499320448,"{0: 10, 1: 0, 2: 1, 3: 0, 4: 3}",1
193,False,"{'a': 0.99, 'e': 0.1437449371536248}",25,17,14.055333561287767,"{0: 8, 1: 0, 2: 0, 3: 0, 4: 0}",1
194,False,"{'a': 0.99, 'e': 0.14230748778208857}",25,8,30.023915767039156,"{0: 17, 1: 0, 2: 0, 3: 0, 4: 0}",1
195,False,"{'a': 0.99, 'e': 0.14088441290426768}",30,0,30.412657730177333,"{0: 29, 1: 0, 2: 1, 3: 0, 4: 0}",0
196,False,"{'a': 0.99, 'e': 0.139475568775225}",30,15,25.539889506713635,"{0: 15, 1: 0, 2: 0, 3: 0, 4: 0}",1
197,False,"{'a': 0.99, 'e': 0.13808081308747275}",30,18,12.205790453784479,"{0: 11, 1: 0, 2: 1, 3: 0, 4: 0}",1
198,False,"{'a': 0.99, 'e': 0.136700004956598}",25,4,6.179676979861441,"{0: 19, 1: 1, 2: 0, 3: 1, 4: 0}",1
199,False,"{'a': 0.99, 'e': 0.13533300490703204}",20,12,5.491383315918685,"{0: 7, 1: 0, 2: 1, 3: 0, 4: 0}",1
200,False,"{'a': 0.99, 'e': 0.13397967485796172}",25,0,-33.821409160998144,"{0: 19, 1: 3, 2: 1, 3: 2, 4: 0}",0
201,False,"{'a': 0.99, 'e': 0.1326398781093821}",25,13,21.297126804902714,"{0: 12, 1: 0, 2: 0, 3: 0, 4: 0}",1
202,False,"{'a': 0.99, 'e': 0.13131347932828827}",25,7,5.337111329234352,"{0: 16, 1: 0, 2: 2, 3: 0, 4: 0}",1
203,False,"{'a': 0.99, 'e': 0.1300003445350054}",20,8,9.927717289802167,"{0: 11, 1: 0, 2: 1, 3: 0, 4: 0}",1
204,False,"{'a': 0.99, 'e': 0.12870034108965533}",35,0,-23.192661247021686,"{0: 32, 1: 0, 2: 1, 3: 1, 4: 1}",1
205,False,"{'a': 0.99, 'e': 0.1274133376787588}",30,0,15.41634020628503,"{0: 28, 1: 0, 2: 2, 3: 0, 4: 0}",0
206,False,"{'a': 0.99, 'e': 0.12613920430197118}",20,14,12.438795893020036,"{0: 6, 1: 0, 2: 0, 3: 0, 4: 0}",1
207,False,"{'a': 0.99, 'e': 0.12487781225895148}",30,24,11.05052720286588,"{0: 6, 1: 0, 2: 0, 3: 0, 4: 0}",1
208,False,"{'a': 0.99, 'e': 0.12362903413636196}",20,13,3.8674347013638544,"{0: 6, 1: 1, 2: 0, 3: 0, 4: 0}",1
209,False,"{'a': 0.99, 'e': 0.12239274379499834}",20,9,20.25314407996363,"{0: 11, 1: 0, 2: 0, 3: 0, 4: 0}",1
210,False,"{'a': 0.99, 'e': 0.12116881635704835}",20,0,26.746691185180183,"{0: 20, 1: 0, 2: 0, 3: 0, 4: 0}",0
211,False,"{'a': 0.99, 'e': 0.11995712819347787}",25,18,13.294882524907367,"{0: 7, 1: 0, 2: 0, 3: 0, 4: 0}",1
212,False,"{'a': 0.99, 'e': 0.11875755691154309}",20,5,-3.5193352160921196,"{0: 13, 1: 1, 2: 0, 3: 1, 4: 0}",1
213,False,"{'a': 0.99, 'e': 0.11756998134242766}",20,0,1.5161916982288637,"{0: 17, 1: 2, 2: 1, 3: 0, 4: 0}",0
214,False,"{'a': 0.99, 'e': 0.11639428152900338}",30,12,-12.012556245640903,"{0: 16, 1: 0, 2: 0, 3: 2, 4: 0}",1
215,False,"{'a': 0.99, 'e': 0.11523033871371334}",20,0,24.866622411925945,"{0: 20, 1: 0, 2: 0, 3: 0, 4: 0}",0
216,False,"{'a': 0.99, 'e': 0.1140780353265762}",20,13,12.710886530771283,"{0: 7, 1: 0, 2: 0, 3: 0, 4: 0}",1
217,False,"{'a': 0.99, 'e': 0.11293725497331045}",35,15,33.98963184269356,"{0: 20, 1: 0, 2: 0, 3: 0, 4: 0}",1
218,False,"{'a': 0.99, 'e': 0.11180788242357734}",20,0,-8.28768306385317,"{0: 19, 1: 0, 2: 0, 3: 0, 4: 1}",0
219,False,"{'a': 0.99, 'e': 0.11068980359934157}",20,5,17.117817726019496,"{0: 14, 1: 1, 2: 0, 3: 0, 4: 0}",1
220,False,"{'a': 0.99, 'e': 0.10958290556334815}",25,12,23.972704903005187,"{0: 13, 1: 0, 2: 0, 3: 0, 4: 0}",1
221,False,"{'a': 0.99, 'e': 0.10848707650771466}",20,12,15.348664178138929,"{0: 8, 1: 0, 2: 0, 3: 0, 4: 0}",1
222,False,"{'a': 0.99, 'e': 0.10740220574263752}",20,5,16.29675909478763,"{0: 14, 1: 1, 2: 0, 3: 0, 4: 0}",1
223,False,"{'a': 0.99, 'e': 0.10632818368521114}",20,6,24.68711132897504,"{0: 14, 1: 0, 2: 0, 3: 0, 4: 0}",1
224,False,"{'a': 0.99, 'e': 0.10526490184835903}",25,4,27.336867464253093,"{0: 21, 1: 0, 2: 0, 3: 0, 4: 0}",1
225,False,"{'a': 0.99, 'e': 0.10421225282987544}",30,16,28.617355460943166,"{0: 14, 1: 0, 2: 0, 3: 0, 4: 0}",1
226,False,"{'a': 0.99, 'e': 0.10317013030157669}",20,8,-4.010254296317149,"{0: 11, 1: 0, 2: 0, 3: 1, 4: 0}",1
227,False,"{'a': 0.99, 'e': 0.10213842899856092}",35,21,25.54193275517825,"{0: 14, 1: 0, 2: 0, 3: 0, 4: 0}",1
228,False,"{'a': 0.99, 'e': 0.10111704470857531}",20,9,15.50779560190407,"{0: 11, 1: 0, 2: 0, 3: 0, 4: 0}",1
229,False,"{'a': 0.99, 'e': 0.10010587426148955}",25,17,17.41098154342216,"{0: 8, 1: 0, 2: 0, 3: 0, 4: 0}",1
230,False,"{'a': 0.99, 'e': 0.09910481551887466}",20,14,14.397668215326753,"{0: 6, 1: 0, 2: 0, 3: 0, 4: 0}",1
231,False,"{'a': 0.99, 'e': 0.0981137673636859}",20,9,20.045806489244942,"{0: 11, 1: 0, 2: 0, 3: 0, 4: 0}",1
232,False,"{'a': 0.99, 'e': 0.09713262969004904}",25,19,12.254608603737683,"{0: 6, 1: 0, 2: 0, 3: 0, 4: 0}",1
233,False,"{'a': 0.99, 'e': 0.09616130339314856}",20,16,7.7946590759468055,"{0: 4, 1: 0, 2: 0, 3: 0, 4: 0}",1
234,False,"{'a': 0.99, 'e': 0.09519969035921708}",25,3,34.43656134301034,"{0: 22, 1: 0, 2: 0, 3: 0, 4: 0}",1
235,False,"{'a': 0.99, 'e': 0.0942476934556249}",20,9,8.50146700891846,"{0: 10, 1: 0, 2: 1, 3: 0, 4: 0}",1
236,False,"{'a': 0.99, 'e': 0.09330521652106866}",20,13,9.84567203923269,"{0: 7, 1: 0, 2: 0, 3: 0, 4: 0}",1
237,False,"{'a': 0.99, 'e': 0.09237216435585796}",30,17,23.265799049655136,"{0: 13, 1: 0, 2: 0, 3: 0, 4: 0}",1
238,False,"{'a': 0.99, 'e': 0.09144844271229938}",20,10,21.57961862202832,"{0: 10, 1: 0, 2: 0, 3: 0, 4: 0}",1
239,False,"{'a': 0.99, 'e': 0.0905339582851764}",25,17,12.046465301193791,"{0: 8, 1: 0, 2: 0, 3: 0, 4: 0}",1
240,False,"{'a': 0.99, 'e': 0.08962861870232462}",25,18,15.025308012290912,"{0: 7, 1: 0, 2: 0, 3: 0, 4: 0}",1
241,False,"{'a': 0.99, 'e': 0.08873233251530138}",25,14,14.70578763870475,"{0: 11, 1: 0, 2: 0, 3: 0, 4: 0}",1
242,False,"{'a': 0.99, 'e': 0.08784500919014836}",25,7,35.11347550912668,"{0: 18, 1: 0, 2: 0, 3: 0, 4: 0}",1
243,False,"{'a': 0.99, 'e': 0.08696655909824688}",20,6,14.060729971158,"{0: 13, 1: 0, 2: 1, 3: 0, 4: 0}",1
244,False,"{'a': 0.99, 'e': 0.0860968935072644}",30,0,48.29333247808669,"{0: 30, 1: 0, 2: 0, 3: 0, 4: 0}",0
245,False,"{'a': 0.99, 'e': 0.08523592457219176}",25,13,8.654997135171358,"{0: 11, 1: 0, 2: 1, 3: 0, 4: 0}",1
246,False,"{'a': 0.99, 'e': 0.08438356532646984}",30,19,24.438425266265902,"{0: 11, 1: 0, 2: 0, 3: 0, 4: 0}",1
247,False,"{'a': 0.99, 'e': 0.08353972967320515}",25,13,-21.48151450028366,"{0: 11, 1: 0, 2: 0, 3: 0, 4: 1}",1
248,False,"{'a': 0.99, 'e': 0.0827043323764731}",20,11,17.961064926471522,"{0: 9, 1: 0, 2: 0, 3: 0, 4: 0}",1
249,False,"{'a': 0.99, 'e': 0.08187728905270836}",25,8,6.311489658290887,"{0: 16, 1: 0, 2: 0, 3: 1, 4: 0}",1
250,False,"{'a': 0.99, 'e': 0.08105851616218128}",25,13,21.88505340648722,"{0: 12, 1: 0, 2: 0, 3: 0, 4: 0}",1
251,False,"{'a': 0.99, 'e': 0.08024793100055946}",20,0,-11.58892754482737,"{0: 19, 1: 0, 2: 0, 3: 0, 4: 1}",0
252,False,"{'a': 0.99, 'e': 0.07944545169055386}",20,0,26.270360089822812,"{0: 20, 1: 0, 2: 0, 3: 0, 4: 0}",0
253,False,"{'a': 0.99, 'e': 0.07865099717364833}",25,4,35.85018832166855,"{0: 21, 1: 0, 2: 0, 3: 0, 4: 0}",1
254,False,"{'a': 0.99, 'e': 0.07786448720191184}",20,0,7.155072050759992,"{0: 19, 1: 0, 2: 0, 3: 1, 4: 0}",0
255,False,"{'a': 0.99, 'e': 0.07708584232989273}",25,3,-30.822742621279986,"{0: 20, 1: 0, 2: 0, 3: 1, 4: 1}",1
256,False,"{'a': 0.99, 'e': 0.0763149839065938}",20,12,16.05387528433231,"{0: 8, 1: 0, 2: 0, 3: 0, 4: 0}",1
257,False,"{'a': 0.99, 'e': 0.07555183406752786}",30,24,11.998199522601027,"{0: 6, 1: 0, 2: 0, 3: 0, 4: 0}",1
258,False,"{'a': 0.99, 'e': 0.07479631572685258}",20,6,10.186749076363995,"{0: 13, 1: 0, 2: 1, 3: 0, 4: 0}",1
259,False,"{'a': 0.99, 'e': 0.07404835256958406}",30,13,32.964602500043526,"{0: 17, 1: 0, 2: 0, 3: 0, 4: 0}",1
260,False,"{'a': 0.99, 'e': 0.07330786904388821}",25,10,27.07931300789534,"{0: 15, 1: 0, 2: 0, 3: 0, 4: 0}",1
261,False,"{'a': 0.99, 'e': 0.07257479035344933}",20,0,27.26883344832382,"{0: 20, 1: 0, 2: 0, 3: 0, 4: 0}",1
262,False,"{'a': 0.99, 'e': 0.07184904244991483}",35,20,-9.956086973534484,"{0: 13, 1: 0, 2: 1, 3: 1, 4: 0}",1
263,False,"{'a': 0.99, 'e': 0.07113055202541568}",20,0,21.72447485639995,"{0: 19, 1: 0, 2: 1, 3: 0, 4: 0}",0
264,False,"{'a': 0.99, 'e': 0.07041924650516153}",20,10,19.556083028269487,"{0: 10, 1: 0, 2: 0, 3: 0, 4: 0}",1
265,False,"{'a': 0.99, 'e': 0.06971505404010991}",25,0,15.038974924703506,"{0: 23, 1: 1, 2: 1, 3: 0, 4: 0}",0
266,False,"{'a': 0.99, 'e': 0.06901790349970881}",35,19,29.558107325528063,"{0: 16, 1: 0, 2: 0, 3: 0, 4: 0}",1
267,False,"{'a': 0.99, 'e': 0.06832772446471172}",20,0,7.087543594276024,"{0: 18, 1: 1, 2: 1, 3: 0, 4: 0}",0
268,False,"{'a': 0.99, 'e': 0.0676444472200646}",25,8,31.181229340228715,"{0: 17, 1: 0, 2: 0, 3: 0, 4: 0}",1
269,False,"{'a': 0.99, 'e': 0.06696800274786396}",35,22,24.27493909309982,"{0: 13, 1: 0, 2: 0, 3: 0, 4: 0}",1
270,False,"{'a': 0.99, 'e': 0.06629832272038531}",25,1,-24.70062953158126,"{0: 21, 1: 0, 2: 2, 3: 0, 4: 1}",1
271,False,"{'a': 0.99, 'e': 0.06563533949318147}",25,3,2.756837578144941,"{0: 19, 1: 0, 2: 3, 3: 0, 4: 0}",1
272,False,"{'a': 0.99, 'e': 0.06497898609824965}",25,13,20.716612453362583,"{0: 12, 1: 0, 2: 0, 3: 0, 4: 0}",1
273,False,"{'a': 0.99, 'e': 0.06432919623726716}",20,9,19.253697747710177,"{0: 11, 1: 0, 2: 0, 3: 0, 4: 0}",1
274,False,"{'a': 0.99, 'e': 0.06368590427489448}",20,11,14.180834848109388,"{0: 9, 1: 0, 2: 0, 3: 0, 4: 0}",1
275,False,"{'a': 0.99, 'e': 0.06304904523214554}",20,10,20.939045379963932,"{0: 10, 1: 0, 2: 0, 3: 0, 4: 0}",1
276,False,"{'a': 0.99, 'e': 0.06241855477982408}",20,4,23.448508829408272,"{0: 16, 1: 0, 2: 0, 3: 0, 4: 0}",1
277,False,"{'a': 0.99, 'e': 0.06179436923202584}",25,0,38.01875619016816,"{0: 25, 1: 0, 2: 0, 3: 0, 4: 0}",0
278,False,"{'a': 0.99, 'e': 0.06117642553970558}",20,6,11.720197861921829,"{0: 13, 1: 0, 2: 1, 3: 0, 4: 0}",1
279,False,"{'a': 0.99, 'e': 0.06056466128430853}",30,8,-20.47783943700172,"{0: 19, 1: 1, 2: 1, 3: 0, 4: 1}",1
280,False,"{'a': 0.99, 'e': 0.05995901467146544}",30,12,26.278220963105802,"{0: 18, 1: 0, 2: 0, 3: 0, 4: 0}",1
281,False,"{'a': 0.99, 'e': 0.059359424524750785}",30,7,-9.956874939197277,"{0: 22, 1: 0, 2: 0, 3: 0, 4: 1}",1
282,False,"{'a': 0.99, 'e': 0.05876583027950327}",25,17,12.818810635540727,"{0: 8, 1: 0, 2: 0, 3: 0, 4: 0}",1
283,False,"{'a': 0.99, 'e': 0.05817817197670824}",25,6,35.6424752393889,"{0: 19, 1: 0, 2: 0, 3: 0, 4: 0}",1
284,False,"{'a': 0.99, 'e': 0.05759639025694116}",20,0,-13.21795557911658,"{0: 19, 1: 0, 2: 0, 3: 0, 4: 1}",0
285,False,"{'a': 0.99, 'e': 0.057020426354371746}",25,12,21.400286598984565,"{0: 13, 1: 0, 2: 0, 3: 0, 4: 0}",1
286,False,"{'a': 0.99, 'e': 0.05645022209082803}",35,17,28.45457394594079,"{0: 18, 1: 0, 2: 0, 3: 0, 4: 0}",1
287,False,"{'a': 0.99, 'e': 0.05588571986991975}",25,20,12.26539515245636,"{0: 5, 1: 0, 2: 0, 3: 0, 4: 0}",1
288,False,"{'a': 0.99, 'e': 0.05532686267122055}",30,13,29.18268354893073,"{0: 17, 1: 0, 2: 0, 3: 0, 4: 0}",1
289,False,"{'a': 0.99, 'e': 0.05477359404450834}",25,16,16.557014491589158,"{0: 9, 1: 0, 2: 0, 3: 0, 4: 0}",1
290,False,"{'a': 0.99, 'e': 0.05422585810406326}",20,0,26.649817011135795,"{0: 20, 1: 0, 2: 0, 3: 0, 4: 0}",1
291,False,"{'a': 0.99, 'e': 0.05368359952302263}",20,8,19.28841290702173,"{0: 12, 1: 0, 2: 0, 3: 0, 4: 0}",1
292,False,"{'a': 0.99, 'e': 0.0531467635277924}",25,11,18.274578729650774,"{0: 13, 1: 1, 2: 0, 3: 0, 4: 0}",1
293,False,"{'a': 0.99, 'e': 0.05261529589251448}",30,15,28.534122977577525,"{0: 15, 1: 0, 2: 0, 3: 0, 4: 0}",1
294,False,"{'a': 0.99, 'e': 0.05208914293358933}",20,13,3.23793352267692,"{0: 6, 1: 0, 2: 1, 3: 0, 4: 0}",1
295,False,"{'a': 0.99, 'e': 0.05156825150425344}",20,13,11.42897063234688,"{0: 7, 1: 0, 2: 0, 3: 0, 4: 0}",1
296,False,"{'a': 0.99, 'e': 0.0510525689892109}",25,0,25.30131822373931,"{0: 24, 1: 0, 2: 1, 3: 0, 4: 0}",0
297,False,"{'a': 0.99, 'e': 0.050542043299318794}",20,11,14.94611005758414,"{0: 9, 1: 0, 2: 0, 3: 0, 4: 0}",1
298,False,"{'a': 0.99, 'e': 0.050036622866325604}",20,0,-9.992432268409356,"{0: 19, 1: 0, 2: 0, 3: 0, 4: 1}",0
299,False,"{'a': 0.99, 'e': 0.04953625663766235}",25,6,33.202086997364006,"{0: 19, 1: 0, 2: 0, 3: 0, 4: 0}",1
1,True,"{'a': 0, 'e': 0}",30,22,16.529142504328533,"{0: 8, 1: 0, 2: 0, 3: 0, 4: 0}",1
2,True,"{'a': 0, 'e': 0}",30,18,20.701783070056944,"{0: 12, 1: 0, 2: 0, 3: 0, 4: 0}",1
3,True,"{'a': 0, 'e': 0}",20,12,14.772145567149506,"{0: 8, 1: 0, 2: 0, 3: 0, 4: 0}",1
4,True,"{'a': 0, 'e': 0}",25,18,11.041445706457232,"{0: 7, 1: 0, 2: 0, 3: 0, 4: 0}",1
5,True,"{'a': 0, 'e': 0}",25,16,15.151326890083155,"{0: 9, 1: 0, 2: 0, 3: 0, 4: 0}",1
6,True,"{'a': 0, 'e': 0}",25,2,37.233276771379856,"{0: 23, 1: 0, 2: 0, 3: 0, 4: 0}",1
7,True,"{'a': 0, 'e': 0}",25,13,22.262801861785423,"{0: 12, 1: 0, 2: 0, 3: 0, 4: 0}",1
8,True,"{'a': 0, 'e': 0}",25,6,30.342032354759482,"{0: 19, 1: 0, 2: 0, 3: 0, 4: 0}",1
9,True,"{'a': 0, 'e': 0}",20,13,11.333378873433755,"{0: 7, 1: 0, 2: 0, 3: 0, 4: 0}",1
10,True,"{'a': 0, 'e': 0}",20,16,6.3242280192485625,"{0: 4, 1: 0, 2: 0, 3: 0, 4: 0}",1
